{"count":1,"self":2141.0799616,"total":5915.6318246,"children":{"InitializeActuators":{"count":20,"self":0.0010003,"total":0.0010003,"children":null},"InitializeSensors":{"count":20,"self":0.0029973,"total":0.0029973,"children":null},"AgentSendState":{"count":500641,"self":3.2941532,"total":732.01979599999993,"children":{"CollectObservations":{"count":250330,"self":0.14597269999999998,"total":0.14597269999999998,"children":null},"WriteActionMask":{"count":250330,"self":0.24869919999999998,"total":0.24869919999999998,"children":null},"RequestDecision":{"count":250330,"self":0.9478354,"total":728.330971,"children":{"AgentInfo.ToProto":{"count":250330,"self":1.1430263999999999,"total":727.3831356,"children":{"GenerateSensorData":{"count":250330,"self":103.1302272,"total":726.2401092,"children":{"CameraSensor.WriteToTensor":{"count":250330,"self":623.109888,"total":623.1098836,"children":null}}}}}}}}},"DecideAction":{"count":500641,"self":3028.1340928,"total":3028.1341039999998,"children":null},"AgentAct":{"count":500641,"self":2.3544148,"total":2.8568414,"children":{"AgentInfo.ToProto":{"count":147,"self":0.0069986,"total":0.5024265,"children":{"GenerateSensorData":{"count":147,"self":0.075713099999999992,"total":0.4954279,"children":{"CameraSensor.WriteToTensor":{"count":147,"self":0.4197148,"total":0.4197148,"children":null}}}}}}},"AgentInfo.ToProto":{"count":2900,"self":0.0280042,"total":11.5360993,"children":{"GenerateSensorData":{"count":2900,"self":1.0711941,"total":11.5080951,"children":{"CameraSensor.WriteToTensor":{"count":2900,"self":10.4369008,"total":10.436900999999999,"children":null}}}}}},"gauges":{"optimalMEBC.CumulativeReward":{"count":3047,"max":2.99800014,"min":-10.9423332,"runningAverage":1.65197349,"value":-1.19499993,"weightedAverage":0.9448816}},"metadata":{"timer_format_version":"0.1.0","start_time_seconds":"1658323610","unity_version":"2021.2.19f1","command_line_arguments":"C:\\Program Files\\Unity\\Hub\\Editor\\2021.2.19f1\\Editor\\Unity.exe -projectpath C:\\Users\\Sim2Real\\Documents\\Sim2Real\\SP-Sim2Real -useHub -hubIPC -cloudEnvironment production -licensingIpc LicenseClient-Sim2Real -hubSessionId f6d26540-0821-11ed-847a-e3927de64a6a -accessToken vSYkltnVfUz-FetqBBXT-eiUE-B2dlt8kj9Jzs0Ny88008f","communication_protocol_version":"1.5.0","com.unity.ml-agents_version":"2.3.0-exp.2","scene_name":"Level3","end_time_seconds":"1658329526"}}