{"count":1,"self":10482.1293056,"total":33690.1125209,"children":{"InitializeActuators":{"count":20,"self":0.0019979999999999998,"total":0.0019979999999999998,"children":null},"InitializeSensors":{"count":20,"self":0.0050013,"total":0.0050013,"children":null},"AgentSendState":{"count":2997781,"self":17.4593776,"total":4870.3285879,"children":{"CollectObservations":{"count":1498900,"self":0.8163769,"total":0.8163769,"children":null},"WriteActionMask":{"count":1498900,"self":1.4157239,"total":1.4157239,"children":null},"RequestDecision":{"count":1498900,"self":5.7687952,"total":4850.6371088999995,"children":{"AgentInfo.ToProto":{"count":1498900,"self":11.5396048,"total":4844.8683136,"children":{"GenerateSensorData":{"count":1498900,"self":843.2867328,"total":4833.3287092,"children":{"CameraSensor.WriteToTensor":{"count":1498900,"self":3990.0418047999997,"total":3990.0419579,"children":null}}}}}}}}},"DecideAction":{"count":2997781,"self":18300.675686399998,"total":18300.6760995,"children":null},"AgentAct":{"count":2997781,"self":10.1700536,"total":13.701388399999999,"children":{"AgentInfo.ToProto":{"count":1027,"self":0.0070028,"total":3.5313345999999997,"children":{"GenerateSensorData":{"count":1027,"self":0.49308199999999996,"total":3.5243317999999997,"children":{"CameraSensor.WriteToTensor":{"count":1027,"self":3.0312498,"total":3.0312498,"children":null}}}}}}},"AgentInfo.ToProto":{"count":6221,"self":0.0535473,"total":23.268762199999998,"children":{"GenerateSensorData":{"count":6221,"self":2.5843808,"total":23.2152149,"children":{"CameraSensor.WriteToTensor":{"count":6221,"self":20.6308336,"total":20.630834,"children":null}}}}}},"gauges":{"optimalMEBCLevel2.CumulativeReward":{"count":7248,"max":4.934001,"min":-2,"runningAverage":2.24261856,"value":0.942000866,"weightedAverage":3.38665533}},"metadata":{"timer_format_version":"0.1.0","start_time_seconds":"1658489368","unity_version":"2021.2.19f1","command_line_arguments":"C:\\Program Files\\Unity\\Hub\\Editor\\2021.2.19f1\\Editor\\Unity.exe -projectpath C:\\Users\\janni\\Workspace\\GitLab\\sp-sim2real\\SP-Sim2Real -useHub -hubIPC -cloudEnvironment production -licensingIpc LicenseClient-janni -hubSessionId ca2c3ae0-09aa-11ed-890f-3730170c5a88 -accessToken YMlJE5CA-98E1nEC0fMDW3wNMVzVU19Tgw2r4Gy0EmY007f","communication_protocol_version":"1.5.0","com.unity.ml-agents_version":"2.3.0-exp.2","scene_name":"Level2","end_time_seconds":"1658523058"}}