{"count":1,"self":6009.4517247999993,"total":56768.792684399996,"children":{"InitializeActuators":{"count":20,"self":0.0020055999999999997,"total":0.0020055999999999997,"children":null},"InitializeSensors":{"count":20,"self":0.002,"total":0.002,"children":null},"AgentSendState":{"count":9065151,"self":66.9236032,"total":29996.0299603,"children":{"CollectObservations":{"count":18130310,"self":8.720944,"total":8.7209444,"children":null},"WriteActionMask":{"count":18130310,"self":11.952703999999999,"total":11.9527036,"children":null},"RequestDecision":{"count":18130310,"self":42.9013888,"total":29908.4327075,"children":{"AgentInfo.ToProto":{"count":18130310,"self":51.1397152,"total":29865.5313182,"children":{"GenerateSensorData":{"count":18130310,"self":208.1928448,"total":29814.391602,"children":{"CameraSensor.GetCompressedObservation":{"count":18130310,"self":29606.199296,"total":29606.198762199998,"children":null}}}}}}}}},"DecideAction":{"count":9065151,"self":20399.5889664,"total":20399.589329399998,"children":null},"AgentAct":{"count":9065151,"self":192.0881408,"total":235.2072446,"children":{"AgentInfo.ToProto":{"count":19805,"self":0.0809749,"total":43.1191039,"children":{"GenerateSensorData":{"count":19805,"self":0.31795979999999996,"total":43.038129,"children":{"CameraSensor.GetCompressedObservation":{"count":19805,"self":42.7201696,"total":42.7201692,"children":null}}}}}}},"AgentInfo.ToProto":{"count":62739,"self":0.3346494,"total":128.5105592,"children":{"GenerateSensorData":{"count":62739,"self":0.9682949,"total":128.1759098,"children":{"CameraSensor.GetCompressedObservation":{"count":62739,"self":127.20761599999999,"total":127.2076149,"children":null}}}}}},"gauges":{"base.CumulativeReward":{"count":82544,"max":6.23580742,"min":-9.792838,"runningAverage":2.30009341,"value":2.75338149,"weightedAverage":3.11927366}},"metadata":{"timer_format_version":"0.1.0","start_time_seconds":"1688818619","unity_version":"2021.3.12f1","command_line_arguments":"C:\\Program Files\\Unity\\Hub\\Editor\\2021.3.12f1\\Editor\\Unity.exe -projectpath C:\\Users\\Philipp\\Documents\\Unity Projects\\MA Projekt\\new try\\SimToReal\\Unity -useHub -hubIPC -cloudEnvironment production -licensingIpc LicenseClient-Philipp -hubSessionId c275e7b7-12ff-4244-9815-55bbf3755883","communication_protocol_version":"1.5.0","com.unity.ml-agents_version":"2.3.0-exp.2","scene_name":"TrainingLight","end_time_seconds":"1688875388"}}